City_ID,City,Country,Date,Lat,Lng,Max Temp,Humidity,Cloudiness,Wind Speed
0,Vaires-Sur-Marne,FR,2022-04-22 18:03:58,48.8765,2.6398,65.1,48,0,11.5
1,Punta Arenas,CL,2022-04-22 18:00:49,-53.15,-70.9167,46.11,65,94,11.59
2,Staryy Nadym,RU,2022-04-22 18:03:59,65.6118,72.6842,2.52,97,93,10.6
3,Saldanha,ZA,2022-04-22 18:01:03,-33.0117,17.9442,59.36,71,0,29.48
4,Sola,VU,2022-04-22 18:04:00,-13.8833,167.55,81.55,73,81,4.94
5,Nyurba,RU,2022-04-22 18:04:00,63.2842,118.3319,9.32,98,77,2.1
6,Ushuaia,AR,2022-04-22 17:59:44,-54.8,-68.3,47.82,70,40,0.0
7,Dawson Creek,CA,2022-04-22 18:04:01,55.7666,-120.2362,45.55,58,42,4.47
8,Narsaq,GL,2022-04-22 18:04:01,60.9167,-46.05,48.42,75,98,2.15
9,Salumbar,IN,2022-04-22 18:04:02,24.1333,74.05,88.59,14,5,7.09
10,Albany,US,2022-04-22 18:00:10,42.6001,-73.9662,57.02,50,22,3.0
11,Rikitea,PF,2022-04-22 18:00:48,-23.1203,-134.9692,75.79,76,95,7.94
12,Katsuura,JP,2022-04-22 18:04:03,35.1333,140.3,63.09,87,37,11.9
13,Saskylakh,RU,2022-04-22 18:00:47,71.9167,114.0833,-2.27,100,98,5.28
14,Nouadhibou,MR,2022-04-22 18:04:04,20.931,-17.0347,64.76,79,82,23.15
15,Jizan,SA,2022-04-22 18:04:04,17.3333,42.6667,85.26,64,17,2.75
16,Victoria,HK,2022-04-22 18:00:11,22.2855,114.1577,77.38,91,48,11.01
17,Cape Town,ZA,2022-04-22 18:00:05,-33.9258,18.4232,61.11,68,10,13.0
18,Presidencia Roque Saenz Pena,AR,2022-04-22 18:04:05,-26.7852,-60.4388,86.83,51,38,3.8
19,Bredasdorp,ZA,2022-04-22 18:04:06,-34.5322,20.0403,61.47,50,83,8.59
20,La Rioja,ES,2022-04-22 18:04:06,42.25,-2.5,49.78,91,100,7.76
21,Souillac,MU,2022-04-22 18:04:07,-20.5167,57.5167,75.6,80,71,20.15
22,Okato,NZ,2022-04-22 18:04:07,-39.2,173.8833,50.92,78,54,5.99
23,Taoudenni,ML,2022-04-22 18:02:35,22.6783,-3.9836,92.32,6,52,12.91
24,Bluff,NZ,2022-04-22 18:01:04,-46.6,168.3333,47.8,74,91,25.12
25,Vaini,TO,2022-04-22 18:00:45,-21.2,-175.2,78.06,69,67,4.14
26,Gewane,ET,2022-04-22 18:04:08,10.1664,40.6453,89.71,33,74,15.52
27,Mataura,NZ,2022-04-22 18:00:47,-46.1927,168.8643,47.48,96,64,2.84
28,Georgetown,MY,2022-04-22 17:58:41,5.4112,100.3354,82.33,93,40,2.3
29,Chokurdakh,RU,2022-04-22 18:04:09,70.6333,147.9167,5.36,97,100,5.86
30,Hermanus,ZA,2022-04-22 18:02:25,-34.4187,19.2345,59.81,62,81,10.31
31,Kapaa,US,2022-04-22 18:02:15,22.0752,-159.319,74.12,93,76,4.0
32,Dikson,RU,2022-04-22 18:01:02,73.5069,80.5464,-5.1,100,92,6.73
33,Srednekolymsk,RU,2022-04-22 18:04:10,67.45,153.6833,9.82,97,99,6.13
34,Usilampatti,IN,2022-04-22 18:04:11,9.9667,77.8,81.73,72,97,2.33
35,Sabha,LY,2022-04-22 18:04:11,27.0377,14.4283,86.36,12,0,10.96
36,Priyutovo,RU,2022-04-22 18:04:12,53.9,53.9333,41.86,58,77,11.7
37,Touros,BR,2022-04-22 18:02:06,-5.1989,-35.4608,84.49,68,85,15.14
38,Namatanai,PG,2022-04-22 18:01:05,-3.6667,152.4333,79.39,83,77,6.2
39,Port Blair,IN,2022-04-22 18:04:13,11.6667,92.75,83.46,73,11,1.66
40,Yellowknife,CA,2022-04-22 18:02:18,62.456,-114.3525,35.56,37,100,3.0
41,Asau,RO,2022-04-22 18:04:13,46.4333,26.4,54.52,82,80,1.05
42,Balkhash,KZ,2022-04-22 18:04:14,46.844,74.9804,57.6,48,91,9.06
43,Upernavik,GL,2022-04-22 18:05:14,72.7868,-56.1549,12.58,83,100,5.53
44,Carauari,BR,2022-04-22 18:05:15,-4.8828,-66.8958,88.77,55,43,2.35
45,Teya,RU,2022-04-22 18:05:15,60.3778,92.6267,33.76,91,100,7.25
46,Qui Nhon,VN,2022-04-22 18:05:16,13.7667,109.2333,76.41,88,51,3.65
47,Tasiilaq,GL,2022-04-22 18:02:16,65.6145,-37.6368,39.36,96,100,6.82
48,Elk Point,US,2022-04-22 18:05:16,42.6833,-96.6836,73.24,92,100,17.27
49,Atuona,PF,2022-04-22 18:02:17,-9.8,-139.0333,79.61,69,57,13.27
50,Kalabo,ZM,2022-04-22 18:05:17,-14.97,22.6814,68.4,57,42,3.15
51,Dillon,US,2022-04-22 18:05:18,34.4166,-79.3712,85.24,44,20,4.14
52,Banfora,BF,2022-04-22 18:05:18,10.6333,-4.7667,97.72,26,39,1.1
53,Paoua,CF,2022-04-22 18:05:19,7.2427,16.4406,84.96,43,55,4.29
54,Cabo San Lucas,MX,2022-04-22 17:57:29,22.8909,-109.9124,77.5,74,0,4.0
55,Shimoda,JP,2022-04-22 18:05:19,34.6667,138.95,60.1,85,53,14.0
56,Maragogi,BR,2022-04-22 18:03:57,-9.0122,-35.2225,82.83,69,37,7.9
57,Peru,US,2022-04-22 18:05:20,40.7537,-86.0689,66.94,72,100,10.36
58,San Patricio,US,2022-04-22 18:05:20,28.017,-97.5169,86.18,55,16,22.21
59,Port Alfred,ZA,2022-04-22 18:05:21,-33.5906,26.891,61.18,92,93,5.01
60,Half Moon Bay,US,2022-04-22 18:05:21,37.4636,-122.4286,59.54,76,20,11.5
61,Leningradskiy,RU,2022-04-22 18:05:22,69.3833,178.4167,7.83,95,81,4.85
62,Faanui,PF,2022-04-22 18:05:22,-16.4833,-151.75,78.96,78,82,13.58
63,Ostrovnoy,RU,2022-04-22 18:05:23,68.0531,39.5131,29.79,89,100,12.91
64,Muros,ES,2022-04-22 18:05:23,42.7762,-9.0603,51.15,86,97,5.26
65,Ende,ID,2022-04-22 18:05:24,-8.8432,121.6623,77.77,86,99,1.72
66,Hilo,US,2022-04-22 18:00:54,19.7297,-155.09,77.29,93,100,3.0
67,Busselton,AU,2022-04-22 18:01:03,-33.65,115.3333,59.04,68,0,14.74
68,Nikolskoye,RU,2022-04-22 17:57:38,59.7035,30.7861,51.69,72,100,3.96
69,Huilong,CN,2022-04-22 18:05:25,31.8111,121.655,64.24,95,100,8.03
70,Talnakh,RU,2022-04-22 18:05:25,69.4865,88.3972,6.03,86,95,0.78
71,Torbay,CA,2022-04-22 18:03:19,47.6666,-52.7314,50.88,69,91,4.0
72,Saint-Philippe,RE,2022-04-22 18:00:57,-21.3585,55.7679,76.59,86,49,15.97
73,Svencioneliai,LT,2022-04-22 18:05:26,55.1667,26.0,48.04,66,93,9.42
74,Altamira,BR,2022-04-22 18:01:23,-3.2033,-52.2064,78.96,92,86,3.8
75,Severo-Kurilsk,RU,2022-04-22 18:02:12,50.6789,156.125,37.78,90,100,5.35
76,Mercedes,AR,2022-04-22 18:05:27,-34.6515,-59.4307,59.65,64,100,11.9
77,Vestmannaeyjar,IS,2022-04-22 18:05:27,63.4427,-20.2734,47.39,81,20,23.02
78,Srandakan,ID,2022-04-22 18:05:28,-7.9386,110.2506,77.22,89,87,4.47
79,Atambua,ID,2022-04-22 18:05:28,-9.1061,124.8925,73.18,87,100,4.16
80,Fukue,JP,2022-04-22 18:05:29,32.6881,128.8419,65.37,84,100,9.13
81,Marsaxlokk,MT,2022-04-22 18:05:29,35.8419,14.5431,64.08,72,0,11.5
82,Codrington,AU,2022-04-22 18:05:29,-38.2667,141.9667,45.88,86,23,7.2
83,Sao Filipe,CV,2022-04-22 18:05:30,14.8961,-24.4956,75.51,70,6,7.63
84,Adrar,MR,2022-04-22 18:05:30,20.5022,-10.0711,89.08,10,19,14.81
85,Qaanaaq,GL,2022-04-22 18:00:50,77.484,-69.3632,5.63,66,100,1.21
86,Kontagora,NG,2022-04-22 18:05:31,10.3999,5.4695,93.02,34,63,2.75
87,Mar Del Plata,AR,2022-04-22 18:05:31,-38.0023,-57.5575,62.62,68,75,19.57
88,Hella,NO,2022-04-22 18:06:32,67.2,14.4333,45.75,75,75,6.91
89,Hamilton,US,2022-04-22 18:06:32,39.1834,-84.5333,73.35,45,0,9.22
90,Avarua,CK,2022-04-22 18:00:46,-21.2078,-159.775,77.05,73,75,16.11
91,Ewo,CG,2022-04-22 18:06:33,-0.8725,14.8206,79.34,69,97,4.56
92,East London,ZA,2022-04-22 18:06:33,-33.0153,27.9116,63.54,94,20,14.97
93,Tazovskiy,RU,2022-04-22 18:06:34,67.4667,78.7,-2.61,100,86,7.49
94,Puerto Ayora,EC,2022-04-22 18:06:34,-0.7393,-90.3518,76.96,80,14,8.75
95,Lebork,PL,2022-04-22 18:06:35,54.5392,17.7501,48.92,64,5,10.18
96,Port-Cartier,CA,2022-04-22 18:06:35,50.0334,-66.8654,42.82,83,92,10.96
97,Constitucion,CL,2022-04-22 18:06:36,-35.3333,-72.4167,55.78,95,100,7.02
98,Goderich,CA,2022-04-22 18:01:01,43.7501,-81.7165,41.92,78,27,8.41
99,Aklavik,CA,2022-04-22 18:06:36,68.2191,-135.0107,15.89,91,50,15.82
100,Guane,CU,2022-04-22 18:06:37,22.2025,-84.0875,91.0,39,49,13.22
101,Tuktoyaktuk,CA,2022-04-22 18:01:00,69.4541,-133.0374,9.23,84,7,14.41
102,Ponta Do Sol,PT,2022-04-22 18:06:37,32.6667,-17.1,67.71,63,32,16.87
103,Painesville,US,2022-04-22 18:06:38,41.7245,-81.2457,64.54,60,0,9.22
104,Garissa,KE,2022-04-22 18:06:38,-0.4536,39.6401,84.81,63,100,13.4
105,New Norfolk,AU,2022-04-22 18:00:48,-42.7826,147.0587,46.71,76,2,3.15
106,Torrington,US,2022-04-22 18:04:07,41.8007,-73.1212,64.13,41,1,8.99
107,Livadiya,RU,2022-04-22 18:06:39,42.8692,132.6764,41.59,67,6,9.26
108,Biak,ID,2022-04-22 18:06:40,-0.9131,122.8766,76.73,84,84,2.13
109,Saint Anthony,US,2022-04-22 18:02:10,45.0205,-93.218,47.14,86,100,24.16
110,Coahuayana,MX,2022-04-22 18:06:40,18.7333,-103.6833,91.8,33,7,8.14
111,Virtsu,EE,2022-04-22 18:06:41,58.5716,23.5115,44.28,82,85,6.17
112,Kota Tinggi,MY,2022-04-22 18:06:41,1.7381,103.8999,80.64,92,56,2.82
113,Ibra,OM,2022-04-22 18:06:42,22.6906,58.5334,84.69,26,90,5.59
114,Laguna,US,2022-04-22 18:05:10,38.421,-121.4238,61.92,63,75,3.44
115,Eravur,LK,2022-04-22 18:06:42,7.7733,81.6095,79.68,83,97,3.83
116,Bambous Virieux,MU,2022-04-22 18:01:01,-20.3428,57.7575,78.22,78,71,20.98
117,Eureka,US,2022-04-22 18:06:43,40.8021,-124.1637,57.25,75,50,1.99
118,Bodden Town,KY,2022-04-22 18:06:44,19.2833,-81.25,86.0,70,40,14.97
119,Luderitz,NA,2022-04-22 18:02:12,-26.6481,15.1594,64.17,67,12,21.97
120,Mugla,TR,2022-04-22 18:06:45,37.2303,28.3557,54.73,55,2,2.1
121,Takoradi,GH,2022-04-22 18:06:45,4.8845,-1.7554,81.55,80,94,9.44
122,Hithadhoo,MV,2022-04-22 18:00:51,-0.6,73.0833,85.03,68,100,10.87
123,Kupiskis,LT,2022-04-22 18:06:46,55.8333,24.9667,50.74,58,89,5.7
124,Butaritari,KI,2022-04-22 17:57:05,3.0707,172.7902,81.91,76,31,19.77
125,Ilulissat,GL,2022-04-22 18:02:09,69.2167,-51.1,23.02,80,100,0.0
126,Eagle Pass,US,2022-04-22 18:06:47,28.7091,-100.4995,86.27,61,100,16.11
127,Ixtapa,MX,2022-04-22 18:06:48,20.7,-105.2,78.03,65,0,9.22
128,Bayanday,RU,2022-04-22 18:06:48,53.0661,105.5139,30.6,97,100,3.76
129,Meulaboh,ID,2022-04-22 18:02:13,4.1363,96.1285,79.65,84,99,3.65
130,Mahebourg,MU,2022-04-22 18:00:52,-20.4081,57.7,78.26,78,73,21.09
131,Kodiak,US,2022-04-22 18:07:49,57.79,-152.4072,40.51,93,100,24.16
132,Tagusao,PH,2022-04-22 18:07:50,9.1924,117.8141,79.68,83,44,4.61
133,Cherskiy,RU,2022-04-22 18:02:16,68.75,161.3,13.08,96,100,7.52
134,Fortuna,US,2022-04-22 18:06:29,40.5982,-124.1573,56.98,72,0,0.0
135,Auraiya,IN,2022-04-22 18:07:51,26.4667,79.5167,91.56,15,39,5.12
136,Kavaratti,IN,2022-04-22 18:06:27,10.5669,72.642,85.01,73,74,5.86
137,Hobart,AU,2022-04-22 17:55:46,-42.8794,147.3294,48.06,86,1,8.05
138,Airai,TL,2022-04-22 18:07:52,-8.9266,125.4092,59.38,78,85,2.93
139,Kahului,US,2022-04-22 18:07:52,20.8947,-156.47,74.84,83,40,11.5
140,Chihuahua,MX,2022-04-22 18:05:17,28.5,-106.0,81.43,12,19,16.93
141,Camocim,BR,2022-04-22 18:07:53,-2.9022,-40.8411,81.16,84,97,9.22
142,Carnarvon,AU,2022-04-22 18:00:55,-24.8667,113.6333,75.7,71,0,10.85
143,Port Elizabeth,ZA,2022-04-22 18:07:53,-33.918,25.5701,61.32,89,96,8.01
144,Suna,RU,2022-04-22 18:07:54,57.8338,50.0588,31.59,85,59,2.51
145,Nemuro,JP,2022-04-22 18:06:28,43.3236,145.575,43.92,92,83,22.75
146,Katangli,RU,2022-04-22 18:07:54,51.7102,143.2326,29.88,98,100,10.09
147,La Tuque,CA,2022-04-22 18:07:55,47.4334,-72.7824,39.45,66,94,14.47
148,Broome,US,2022-04-22 18:07:55,42.2506,-75.833,56.7,49,0,12.66
149,Coihaique,CL,2022-04-22 18:07:56,-45.5752,-72.0662,48.81,81,100,5.75
150,Agde,FR,2022-04-22 18:07:56,43.3108,3.4758,59.04,85,0,12.66
151,Jyvaskyla,FI,2022-04-22 18:07:56,62.2415,25.7209,50.34,50,0,8.05
152,Pitimbu,BR,2022-04-22 18:07:57,-7.4706,-34.8086,86.59,70,63,12.68
153,Monkey Bay,MW,2022-04-22 18:07:57,-14.0728,34.9201,77.07,76,6,11.65
154,Jamestown,US,2022-04-22 17:58:20,42.097,-79.2353,59.05,33,15,4.0
155,Moussoro,TD,2022-04-22 18:07:58,13.6408,16.4901,97.36,15,94,7.94
156,Amarante Do Maranhao,BR,2022-04-22 18:07:58,-5.5667,-46.7422,85.53,62,83,5.44
157,Bethel,US,2022-04-22 18:00:49,41.3712,-73.414,67.01,36,0,3.0
158,Tezu,IN,2022-04-22 18:07:59,27.9167,96.1667,70.09,82,79,1.97
159,Kodinsk,RU,2022-04-22 18:07:59,58.6881,99.1844,29.77,95,100,3.24
160,Coevorden,NL,2022-04-22 18:08:00,52.661,6.7405,61.39,56,63,14.9
161,Luena,AO,2022-04-22 18:08:00,-11.7833,19.9167,62.87,64,69,2.3
162,Saint George,US,2022-04-22 18:00:31,37.1041,-113.5841,53.44,64,75,6.91
163,Cidreira,BR,2022-04-22 18:08:01,-30.1811,-50.2056,73.74,66,53,9.95
164,Wattegama,LK,2022-04-22 18:06:18,6.7989,81.4808,75.72,93,100,1.66
165,Bogotol,RU,2022-04-22 18:08:02,56.2078,89.5342,21.42,67,94,17.07
166,Tromso,NO,2022-04-22 18:08:02,69.6496,18.957,37.42,87,75,8.05
167,Hay River,CA,2022-04-22 18:08:03,60.8156,-115.7999,35.67,85,80,2.24
168,Castro,BR,2022-04-22 18:08:03,-24.7911,-50.0119,69.78,71,90,8.77
169,Sobolevo,RU,2022-04-22 18:08:04,54.4299,31.8996,46.99,72,93,5.59
170,Port Hawkesbury,CA,2022-04-22 18:08:04,45.6169,-61.3485,48.88,90,100,12.66
171,Loviisa,FI,2022-04-22 18:08:05,60.4566,26.2251,43.29,81,13,1.92
172,Kachiry,KZ,2022-04-22 18:02:18,53.0675,76.1036,32.29,54,10,6.08
173,Sorong,ID,2022-04-22 18:05:18,-0.8833,131.25,77.88,89,100,9.51
174,Sibolga,ID,2022-04-22 18:08:05,1.7427,98.7792,78.06,90,100,2.86
175,Samfya,ZM,2022-04-22 18:08:06,-11.3649,29.5565,66.04,83,45,5.12
176,Ewa Beach,US,2022-04-22 18:09:07,21.3156,-158.0072,76.95,73,0,9.22
177,Tallahassee,US,2022-04-22 18:09:07,30.4383,-84.2807,82.0,48,20,11.5
178,Kvam,NO,2022-04-22 18:09:07,61.6656,9.6898,45.14,80,23,3.27
179,Toamasina,MG,2022-04-22 18:09:08,-18.1667,49.3833,75.51,90,100,2.98
180,Port Lincoln,AU,2022-04-22 18:09:08,-34.7333,135.8667,59.68,64,45,12.73
181,Bac Lieu,VN,2022-04-22 18:09:09,9.285,105.7244,82.44,79,11,8.88
182,Nanortalik,GL,2022-04-22 18:07:44,60.1432,-45.2371,36.48,89,98,4.54
183,Sur,OM,2022-04-22 18:09:09,22.5667,59.5289,86.27,51,74,6.2
184,Kruisfontein,ZA,2022-04-22 18:09:10,-34.0033,24.7314,58.89,74,95,9.86
185,Tula,RU,2022-04-22 18:08:43,54.2044,37.6111,44.71,91,100,4.7
186,Hualmay,PE,2022-04-22 18:04:43,-11.0964,-77.6139,72.12,76,27,10.47
187,Barrow,US,2022-04-22 18:09:11,71.2906,-156.7887,-2.18,78,0,10.36
188,Norman Wells,CA,2022-04-22 18:08:12,65.282,-126.8329,26.71,81,96,9.31
189,Port Hedland,AU,2022-04-22 18:09:11,-20.3167,118.5667,78.85,34,100,4.61
190,Taman,RU,2022-04-22 18:09:12,45.2117,36.7161,48.24,80,74,6.69
191,Isangel,VU,2022-04-22 18:09:12,-19.55,169.2667,76.28,76,18,10.2
192,Cockburn Town,TC,2022-04-22 18:04:41,21.4612,-71.1419,77.4,73,1,16.89
193,Sherlovaya Gora,RU,2022-04-22 18:09:13,50.5667,116.25,36.19,33,100,16.71
194,Warrington,GB,2022-04-22 18:09:13,53.3925,-2.5802,60.69,50,20,21.85
195,Saint-Denis,FR,2022-04-22 18:09:14,48.9167,2.3333,65.14,47,0,11.5
196,Merauke,ID,2022-04-22 18:09:14,-8.4667,140.3333,80.98,80,90,6.98
197,Kaitangata,NZ,2022-04-22 18:02:23,-46.2817,169.8464,49.78,76,76,12.15
198,Geraldton,AU,2022-04-22 18:06:26,-28.7667,114.6,70.21,37,0,19.57
199,Alice Springs,AU,2022-04-22 18:04:45,-23.7,133.8833,53.15,54,82,0.0
200,Mount Gambier,AU,2022-04-22 18:05:10,-37.8333,140.7667,47.57,90,16,6.08
201,Jining,CN,2022-04-22 18:09:16,35.405,116.5814,54.0,49,96,5.17
202,Krasnoobsk,RU,2022-04-22 18:09:16,54.9198,82.9909,24.71,55,80,9.35
203,Vanimo,PG,2022-04-22 18:09:16,-2.6741,141.3028,77.99,88,100,1.43
204,Joetsu,JP,2022-04-22 18:09:17,37.1483,138.2364,56.12,71,50,3.24
205,Mahudha,IN,2022-04-22 18:09:17,22.8167,72.9333,87.98,17,6,8.25
206,Akdepe,TM,2022-04-22 18:09:18,42.0551,59.3788,75.61,37,100,6.13
207,Klaksvik,FO,2022-04-22 18:09:18,62.2266,-6.589,47.32,87,66,16.62
208,Kokoda,PG,2022-04-22 18:09:19,-8.8785,147.7407,74.68,97,100,0.85
209,Vila,PT,2022-04-22 18:07:01,42.0304,-8.1588,38.7,90,100,1.66
210,Digras,IN,2022-04-22 18:09:19,20.1167,77.7167,93.47,20,24,3.71
211,Lorengau,PG,2022-04-22 18:09:20,-2.0226,147.2712,81.91,77,100,7.2
212,Ancud,CL,2022-04-22 18:09:20,-41.8697,-73.8203,54.23,92,100,15.64
213,Wajir,KE,2022-04-22 18:09:21,1.7471,40.0573,80.67,75,100,5.84
214,Tandalti,SD,2022-04-22 18:09:21,13.0167,31.8667,91.36,16,68,4.47
215,Svetlogorsk,BY,2022-04-22 18:09:22,52.6333,29.7333,43.7,93,100,11.41
216,Vila Velha,BR,2022-04-22 18:09:22,-20.3297,-40.2925,93.15,49,20,11.5
217,Excelsior Springs,US,2022-04-22 18:09:23,39.3392,-94.2261,82.74,53,100,14.97
218,Mongu,ZM,2022-04-22 18:09:23,-15.2484,23.1274,67.37,62,4,5.23
219,Mogocha,RU,2022-04-22 18:09:24,53.7333,119.7667,22.06,61,0,2.84
220,Yongan,CN,2022-04-22 18:09:24,39.6957,113.6871,52.45,22,5,7.58
221,Banda Aceh,ID,2022-04-22 18:09:24,5.5577,95.3222,81.18,79,100,5.46
222,Lagunas,PE,2022-04-22 18:09:25,-5.2269,-75.6753,90.88,49,57,2.19
223,Eyl,SO,2022-04-22 18:05:47,7.9803,49.8164,82.83,74,37,10.65
224,Ketchikan,US,2022-04-22 18:10:26,55.3422,-131.6461,46.87,71,40,9.22
225,Staffanstorp,SE,2022-04-22 18:10:26,55.6428,13.2064,53.87,57,0,19.57
226,Aizkraukle,LV,2022-04-22 18:10:27,56.6048,25.2553,49.08,59,34,4.65
227,Wencheng,CN,2022-04-22 18:10:27,33.0559,113.7978,59.09,45,99,6.08
228,Port Macquarie,AU,2022-04-22 18:10:28,-31.4333,152.9167,59.9,85,73,7.67
229,Urengoy,RU,2022-04-22 18:10:28,65.9667,78.3667,1.78,100,84,8.5
230,Myitkyina,MM,2022-04-22 18:10:29,25.3833,97.4,74.97,59,30,2.98
231,Hasaki,JP,2022-04-22 18:10:29,35.7333,140.8333,63.28,89,32,5.48
232,Lasa,IT,2022-04-22 18:02:06,46.6166,10.7002,49.37,95,98,0.54
233,Lagoa,PT,2022-04-22 18:10:30,39.05,-27.9833,56.26,67,86,13.87
234,Kang,BW,2022-04-22 18:10:30,-23.6752,22.7876,69.06,53,100,6.42
235,Paciran,ID,2022-04-22 18:10:31,-6.8767,112.3761,80.22,86,100,5.14
236,Arraial Do Cabo,BR,2022-04-22 18:00:59,-22.9661,-42.0278,76.78,74,0,4.63
237,Tura,IN,2022-04-22 18:10:09,25.5198,90.2201,71.58,94,10,7.38
238,Iquique,CL,2022-04-22 18:10:32,-20.2208,-70.1431,68.04,72,9,9.64
239,Kasongo-Lunda,CD,2022-04-22 18:10:32,-6.4667,16.8167,73.24,94,97,1.07
240,Ahipara,NZ,2022-04-22 18:10:33,-35.1667,173.1667,62.28,61,11,19.57
241,Garowe,SO,2022-04-22 18:10:33,8.4054,48.4845,82.09,57,85,18.01
242,Teknaf,BD,2022-04-22 18:10:34,20.8624,92.3058,80.01,83,1,2.3
243,Vao,NC,2022-04-22 18:00:51,-22.6667,167.4833,74.93,67,86,14.65
244,Khatanga,RU,2022-04-22 18:00:56,71.9667,102.5,-5.08,100,56,6.33
245,Karymskoye,RU,2022-04-22 18:10:34,51.6167,114.35,34.75,64,100,9.6
246,Salalah,OM,2022-04-22 18:10:35,17.0151,54.0924,82.49,78,20,4.61
247,Otane,NZ,2022-04-22 18:10:35,-39.8833,176.6333,47.01,78,32,7.45
248,Tampin,MY,2022-04-22 18:10:36,2.4701,102.2302,75.9,95,50,4.43
249,Maceio,BR,2022-04-22 18:10:36,-9.6658,-35.7353,83.64,69,40,10.36
250,Erzin,TR,2022-04-22 18:10:36,36.9559,36.2,67.24,52,0,3.4
251,Skjervoy,NO,2022-04-22 18:10:37,70.0311,20.9714,37.4,73,100,15.12
252,Krasnoselkup,RU,2022-04-22 18:10:37,65.7,82.4667,6.03,90,91,11.54
253,Ambon,ID,2022-04-22 18:08:19,-3.6954,128.1814,81.25,82,94,5.5
254,Muscat,OM,2022-04-22 18:09:39,23.6139,58.5922,87.82,52,49,10.18
255,Sakaiminato,JP,2022-04-22 18:10:38,35.55,133.2333,60.26,71,100,10.65
256,Viytivka,UA,2022-04-22 18:10:39,48.426,29.5429,50.97,72,91,17.96
257,Kolyshley,RU,2022-04-22 18:10:39,52.7005,44.5367,46.8,66,100,8.84
258,Sri Aman,MY,2022-04-22 18:10:39,1.2376,111.4621,72.21,94,96,1.05
259,Inirida,CO,2022-04-22 18:10:40,3.8653,-67.9239,86.59,61,50,3.89
260,Skeldon,GY,2022-04-22 18:10:40,5.8833,-57.1333,82.31,74,80,5.77
261,Te Anau,NZ,2022-04-22 18:10:41,-45.4167,167.7167,44.67,86,81,3.06
262,Korla,CN,2022-04-22 18:00:29,41.7597,86.1469,64.54,22,59,1.57
263,Berlevag,NO,2022-04-22 18:10:41,70.8578,29.0864,37.2,98,95,13.04
264,Bathsheba,BB,2022-04-22 18:10:42,13.2167,-59.5167,86.61,54,20,17.27
265,Yerbogachen,RU,2022-04-22 18:10:42,61.2767,108.0108,15.93,98,48,3.36
266,Ribeira Grande,PT,2022-04-22 18:10:43,38.5167,-28.7,61.2,55,75,13.8
267,Bitung,ID,2022-04-22 18:10:43,1.4451,125.1824,76.05,80,89,2.42
268,Bilibino,RU,2022-04-22 18:10:44,68.0546,166.4372,4.42,99,98,2.15
269,Ozark,US,2022-04-22 18:10:44,37.0209,-93.206,81.28,52,0,8.01
270,Mount Isa,AU,2022-04-22 18:02:08,-20.7333,139.5,69.57,83,100,13.8
271,Jasper,US,2022-04-22 18:11:45,37.2001,-94.3502,81.45,54,40,29.93
272,Kupang,ID,2022-04-22 18:11:45,-10.1667,123.5833,78.28,84,92,7.34
273,Caravelas,BR,2022-04-22 18:11:46,-17.7125,-39.2481,83.14,53,1,8.55
274,Coquimbo,CL,2022-04-22 18:10:06,-29.9533,-71.3436,62.33,72,0,13.8
275,Buraydah,SA,2022-04-22 18:11:46,26.326,43.975,84.58,14,78,14.61
276,Canutama,BR,2022-04-22 18:11:47,-6.5339,-64.3831,89.67,50,97,2.39
277,Qaqortoq,GL,2022-04-22 18:11:47,60.7167,-46.0333,37.47,78,95,2.82
278,Hirara,JP,2022-04-22 18:11:48,24.8,125.2833,76.69,91,100,16.04
279,Gerash,IR,2022-04-22 18:11:48,27.6652,54.1371,77.99,19,97,5.73
280,Obo,CF,2022-04-22 18:11:49,5.3998,26.4869,72.86,76,55,3.87
281,Mackay,AU,2022-04-22 18:07:44,-21.15,149.2,72.68,85,100,18.97
282,Praia Da Vitoria,PT,2022-04-22 18:11:49,38.7333,-27.0667,60.76,67,75,15.77
283,Asfi,MA,2022-04-22 18:11:50,32.2994,-9.2372,62.33,78,5,22.7
284,Vila Franca Do Campo,PT,2022-04-22 18:11:50,37.7167,-25.4333,61.21,63,87,13.56
285,Limoges,FR,2022-04-22 18:11:51,45.75,1.3333,61.36,59,0,8.05
286,Gizo,SB,2022-04-22 18:11:51,-8.103,156.8419,82.27,76,100,8.81
287,Nassau,US,2022-04-22 18:11:52,40.7507,-73.5829,69.85,26,0,11.99
288,Bengkulu,ID,2022-04-22 18:02:15,-3.8004,102.2655,76.32,91,100,5.55
289,Gladstone,AU,2022-04-22 18:11:53,-23.85,151.25,69.73,73,89,8.05
290,Olafsvik,IS,2022-04-22 18:11:53,64.8945,-23.7142,46.78,79,100,8.61
291,Ahuimanu,US,2022-04-22 18:11:54,21.4447,-157.8378,76.71,77,100,9.22
292,Tuatapere,NZ,2022-04-22 18:11:54,-46.1333,167.6833,44.37,89,76,5.5
293,Mandera,KE,2022-04-22 18:11:54,3.9366,41.867,87.08,52,93,8.99
294,Miquelon,PM,2022-04-22 18:11:55,47.0975,-56.3814,39.2,83,100,20.78
295,General Roca,AR,2022-04-22 18:07:55,-39.0333,-67.5833,66.61,38,66,26.55
296,Polunochnoye,RU,2022-04-22 18:11:55,60.8697,60.4153,20.73,96,79,0.09
297,Outlook,CA,2022-04-22 18:11:56,51.5001,-107.0513,37.45,71,100,7.9
298,College,US,2022-04-22 18:07:35,64.8569,-147.8028,39.15,56,40,3.44
299,Muroto,JP,2022-04-22 18:11:56,33.2833,134.15,63.5,78,92,8.61
300,Luba,GQ,2022-04-22 18:02:22,3.4568,8.5547,81.72,82,64,6.06
301,Zubtsov,RU,2022-04-22 18:11:57,56.1753,34.5894,44.06,80,75,4.94
302,Gravelbourg,CA,2022-04-22 18:11:58,49.8834,-106.5512,36.16,86,100,10.18
303,Acarau,BR,2022-04-22 18:11:58,-2.8856,-40.12,82.72,76,87,12.17
304,Yinchuan,CN,2022-04-22 18:11:59,38.4681,106.2731,64.45,21,0,12.46
305,Havoysund,NO,2022-04-22 18:11:59,70.9963,24.6622,37.63,76,100,16.64
306,Lebu,CL,2022-04-22 18:01:22,-37.6167,-73.65,57.11,92,96,9.55
307,Chunoyar,RU,2022-04-22 18:12:00,57.4467,97.3217,35.91,99,100,3.56
308,Indramayu,ID,2022-04-22 18:12:00,-6.3264,108.32,80.73,79,98,3.8
309,Guerrero Negro,MX,2022-04-22 18:02:22,27.9769,-114.0611,66.96,60,48,21.16
310,Grindavik,IS,2022-04-22 18:12:01,63.8424,-22.4338,46.87,87,75,16.11
311,Kirakira,SB,2022-04-22 18:12:01,-10.4544,161.9205,80.33,83,85,3.87
312,Chicama,PE,2022-04-22 18:12:02,-7.8447,-79.1469,64.94,65,73,9.78
313,Brae,GB,2022-04-22 18:12:02,60.3964,-1.353,45.84,80,24,20.49
314,Brazzaville,CG,2022-04-22 18:12:03,-4.2658,15.2832,77.43,88,95,3.49
315,Havre-Saint-Pierre,CA,2022-04-22 18:12:03,50.2334,-63.5986,35.96,93,100,14.97
316,Gilbues,BR,2022-04-22 18:12:04,-9.8317,-45.3439,91.27,34,62,4.25
317,Talara,PE,2022-04-22 18:13:04,-4.5772,-81.2719,81.36,57,0,18.41
318,Lac Du Bonnet,CA,2022-04-22 18:13:05,50.2536,-96.0612,35.55,98,100,11.27
319,Ambulu,ID,2022-04-22 18:13:06,-8.345,113.6058,77.22,92,99,2.59
320,Tiksi,RU,2022-04-22 18:13:06,71.6872,128.8694,12.6,96,100,9.26
321,Iwaki,JP,2022-04-22 18:13:06,37.05,140.8833,56.01,92,80,1.01
322,Kavieng,PG,2022-04-22 18:13:07,-2.5744,150.7967,82.15,77,78,11.27
323,San Policarpo,PH,2022-04-22 18:13:08,12.1791,125.5072,80.17,83,11,9.89
324,Mehamn,NO,2022-04-22 18:13:08,71.0357,27.8492,35.8,93,97,13.98
325,Yar-Sale,RU,2022-04-22 18:13:09,66.8333,70.8333,-1.89,98,80,9.46
326,Sioux Lookout,CA,2022-04-22 18:13:09,50.1001,-91.917,34.56,100,100,9.78
327,Karratha,AU,2022-04-22 18:13:10,-20.7377,116.8463,80.6,37,80,11.36
328,Macherla,IN,2022-04-22 18:13:10,16.4833,79.4333,82.72,69,15,14.27
329,Flinders,AU,2022-04-22 18:13:11,-34.5833,150.8552,61.18,92,100,7.0
330,Provideniya,RU,2022-04-22 18:13:11,64.3833,-173.3,26.47,73,16,5.1
331,Sao Joao Do Piaui,BR,2022-04-22 18:13:12,-8.3581,-42.2467,97.2,28,82,7.07
332,Honiara,SB,2022-04-22 18:10:35,-9.4333,159.95,78.13,89,85,3.0
333,Dubbo,AU,2022-04-22 18:13:12,-32.25,148.6167,55.53,88,32,10.36
334,Canico,PT,2022-04-22 18:13:13,32.6333,-16.85,67.71,60,20,6.91
335,Saint-Augustin,CA,2022-04-22 18:13:13,51.226,-58.6502,33.42,100,100,10.51
336,Nara,JP,2022-04-22 18:10:08,34.6851,135.8049,60.49,81,80,3.31
337,Mogadishu,SO,2022-04-22 18:13:14,2.0371,45.3438,83.19,77,66,15.88
338,Jinchang,CN,2022-04-22 18:13:14,38.4953,102.1739,58.8,15,19,5.41
339,Faya,SA,2022-04-22 18:13:15,18.3851,42.4509,66.72,45,50,2.68
340,Tlaxco,MX,2022-04-22 18:13:15,19.6167,-98.1167,66.43,42,94,3.67
341,Rio Gallegos,AR,2022-04-22 18:11:33,-51.6226,-69.2181,52.29,41,86,17.54
342,Egvekinot,RU,2022-04-22 18:13:16,66.3167,-179.1667,13.98,94,100,1.68
343,Manica,FR,2022-04-22 18:13:17,49.0,-1.1667,54.45,82,90,9.64
344,Kenai,US,2022-04-22 18:13:17,60.5544,-151.2583,43.03,71,100,14.97
345,Buta,CD,2022-04-22 18:13:17,2.7858,24.73,74.26,83,91,2.91
346,Kasongo,CD,2022-04-22 18:13:18,-4.45,26.6667,74.44,82,84,2.39
347,Grand Gaube,MU,2022-04-22 18:13:18,-20.0064,57.6608,78.39,76,89,8.99
348,Price,US,2022-04-22 18:13:19,39.5994,-110.8107,49.26,49,100,14.97
349,Mikhaylovka,RU,2022-04-22 18:13:19,50.06,43.2379,48.7,92,100,11.3
350,Carutapera,BR,2022-04-22 18:13:20,-1.195,-46.02,82.67,77,88,4.54
351,Chapais,CA,2022-04-22 18:13:20,49.7834,-74.8492,28.18,62,98,15.19
352,Malinovskiy,RU,2022-04-22 18:13:21,61.1953,62.8397,14.92,96,58,2.57
353,Kandila,GR,2022-04-22 18:13:21,38.7,20.9333,61.77,75,21,7.16
354,Yeppoon,AU,2022-04-22 18:13:22,-23.1333,150.7333,67.78,70,95,20.51
355,Nagyrede,HU,2022-04-22 18:13:22,47.7654,19.8482,51.35,75,99,9.73
356,Thompson,CA,2022-04-22 18:13:23,55.7435,-97.8558,39.88,69,21,7.94
357,Alamogordo,US,2022-04-22 18:13:23,32.8995,-105.9603,85.01,12,0,25.32
358,Esperance,AU,2022-04-22 18:13:24,-33.8667,121.9,57.45,86,4,7.23
359,Amberley,US,2022-04-22 18:13:24,39.2048,-84.428,72.66,44,0,9.22
360,New Plymouth,NZ,2022-04-22 18:12:44,-39.0667,174.0833,51.57,78,29,6.62
361,Guerrero,MX,2022-04-22 18:13:25,17.6667,-100.0,88.9,29,33,4.52
362,Yamethin,MM,2022-04-22 18:14:26,20.4333,96.15,83.07,44,19,4.52
363,Lavrentiya,RU,2022-04-22 18:14:26,65.5833,-171.0,19.0,85,11,6.17
364,Tenabo,MX,2022-04-22 18:14:27,20.05,-90.2333,93.2,26,47,5.97
365,Durusu,TR,2022-04-22 18:14:27,41.3053,28.6767,64.58,84,94,4.0
366,Tenenkou,ML,2022-04-22 18:14:28,14.4572,-4.9169,101.77,8,67,7.67
367,Labuhan,ID,2022-04-22 18:10:17,-6.8844,112.2051,79.74,86,100,4.52
368,Gort,IE,2022-04-22 18:14:28,53.0664,-8.8167,56.95,71,95,11.92
369,Kudahuvadhoo,MV,2022-04-22 18:14:29,2.6708,72.8944,83.82,74,100,10.94
370,Tucumcari,US,2022-04-22 18:09:37,35.1717,-103.725,87.64,18,0,20.71
371,Zhigansk,RU,2022-04-22 18:12:13,66.7697,123.3711,6.46,97,69,8.01
372,Rahatgarh,IN,2022-04-22 18:14:30,23.7833,78.3667,90.66,17,71,3.69
373,Tacna,PE,2022-04-22 18:14:30,-18.0056,-70.2483,68.2,60,0,6.91
374,Longyearbyen,SJ,2022-04-22 18:14:31,78.2186,15.6401,22.84,74,75,6.91
375,Sideropolis,BR,2022-04-22 18:14:32,-28.5978,-49.4244,79.02,58,96,5.32
376,Aykhal,RU,2022-04-22 18:14:32,66.0,111.5,1.8,100,97,5.82
377,Zabid,YE,2022-04-22 18:14:33,14.1951,43.3152,87.53,52,93,2.53
378,Dryden,CA,2022-04-22 18:14:33,49.7833,-92.7503,35.89,69,100,10.36
379,Maldonado,UY,2022-04-22 18:14:34,-34.6667,-54.9167,61.99,60,100,15.75
380,Sassandra,CI,2022-04-22 18:14:35,4.95,-6.0833,80.82,80,55,8.43
381,Itarema,BR,2022-04-22 18:14:35,-2.9248,-39.9167,82.67,74,82,11.32
382,Kuryk,KZ,2022-04-22 18:14:36,43.2,51.65,63.0,53,15,15.41
383,Azul,AR,2022-04-22 18:14:36,-36.777,-59.8585,60.35,39,51,18.81
384,Seoul,KR,2022-04-22 18:10:09,37.5683,126.9778,54.79,82,91,1.63
385,Comodoro Rivadavia,AR,2022-04-22 18:12:48,-45.8667,-67.5,57.06,38,0,14.97
386,Dogondoutchi,NE,2022-04-22 18:14:37,13.6393,4.0287,98.4,18,4,4.5
387,Staroaleyskoye,RU,2022-04-22 18:14:38,51.0061,82.0,34.41,61,3,1.66
388,Sisimiut,GL,2022-04-22 18:14:39,66.9395,-53.6735,25.95,86,100,7.94
389,Ovalle,CL,2022-04-22 18:14:39,-30.5983,-71.2003,79.52,27,50,6.6
390,Kieta,PG,2022-04-22 18:14:40,-6.2167,155.6333,78.46,86,92,0.94
391,Knysna,ZA,2022-04-22 18:14:41,-34.0363,23.0471,59.94,83,98,4.43
392,Dicabisagan,PH,2022-04-22 18:14:41,17.0818,122.4157,78.48,84,47,4.23
393,Columbia,US,2022-04-22 18:14:42,34.0007,-81.0348,85.23,42,0,5.75
394,Dukat,RU,2022-04-22 18:14:42,62.55,155.55,-1.17,100,94,3.31
395,Hobyo,SO,2022-04-22 18:14:43,5.3505,48.5268,84.0,73,37,13.47
396,Lakeville,US,2022-04-22 18:14:43,44.6497,-93.2427,49.03,94,100,16.11
397,Pevek,RU,2022-04-22 18:12:20,69.7008,170.3133,1.44,98,82,4.72
398,Beni,CD,2022-04-22 18:14:44,0.5,29.4667,63.03,97,100,1.07
399,Iqaluit,CA,2022-04-22 18:14:44,63.7506,-68.5145,11.93,60,100,3.44
400,Vardo,NO,2022-04-22 18:14:45,70.3705,31.1107,35.58,93,75,8.05
401,Gravdal,NO,2022-04-22 18:12:36,68.1214,13.5031,40.89,87,75,4.61
402,Paamiut,GL,2022-04-22 18:14:45,61.994,-49.6678,32.4,97,97,4.23
403,Bosaso,SO,2022-04-22 18:14:46,11.2842,49.1816,83.07,76,15,4.32
404,Quechultenango,MX,2022-04-22 18:14:46,17.4167,-99.2167,93.04,27,20,4.41
405,Okhotsk,RU,2022-04-22 18:14:47,59.3833,143.3,25.36,89,100,3.02
406,Marsa Matruh,EG,2022-04-22 18:14:47,31.3525,27.2453,62.55,74,10,11.52
407,Jeremie,HT,2022-04-22 18:14:48,18.65,-74.1167,80.28,74,55,5.88
408,Matagami,CA,2022-04-22 18:14:48,49.7502,-77.6328,32.11,40,0,12.66
409,Shush,IR,2022-04-22 18:14:49,32.1942,48.2436,79.56,8,1,9.86
410,Luanda,AO,2022-04-22 18:13:00,-8.8368,13.2343,80.6,83,20,6.91
411,Douglas,US,2022-04-22 18:15:49,41.3,-96.167,78.73,71,100,24.16
412,Petropavlovsk-Kamchatskiy,RU,2022-04-22 18:15:50,53.0452,158.6483,27.19,93,75,4.47
413,Escanaba,US,2022-04-22 18:15:50,45.7453,-87.0646,52.52,73,0,9.22
414,Amudat,UG,2022-04-22 18:15:51,1.95,34.95,72.57,69,100,2.19
415,Bardiyah,LY,2022-04-22 18:15:51,31.7561,25.0865,63.01,78,0,14.09
416,Varadero,CU,2022-04-22 18:15:52,23.1536,-81.2514,83.16,68,52,21.41
417,Belyy Yar,RU,2022-04-22 18:15:52,53.6039,91.3903,29.86,52,0,6.71
418,Tsabong,BW,2022-04-22 18:15:53,-26.0217,22.401,72.95,46,95,7.2
419,Auki,SB,2022-04-22 18:15:18,-8.7676,160.7034,77.04,88,98,4.29
420,Laurel,US,2022-04-22 18:13:23,39.0993,-76.8483,75.63,31,0,10.36
421,Santa Rosa,PH,2022-04-22 18:15:54,14.3122,121.1114,82.38,77,0,9.17
422,Lipin Bor,RU,2022-04-22 18:15:54,60.2622,37.9763,42.37,86,93,3.87
423,Formosa Do Rio Preto,BR,2022-04-22 18:15:55,-11.0483,-45.1931,91.56,33,83,5.66
424,Bethalto,US,2022-04-22 18:15:55,38.9092,-90.0407,84.83,63,94,5.99
425,Bitlis,TR,2022-04-22 18:15:55,38.5,42.25,47.21,56,51,2.04
426,Ust-Kuyga,RU,2022-04-22 18:15:56,70.0167,135.6,-4.92,100,89,1.41
427,Hervey Bay,AU,2022-04-22 18:15:56,-25.2986,152.8535,71.02,80,94,5.99
428,Nichinan,JP,2022-04-22 18:15:57,31.6,131.3667,62.28,66,97,6.33
429,Nago,JP,2022-04-22 18:15:57,26.5881,127.9761,75.63,93,99,8.43
430,Ngunguru,NZ,2022-04-22 18:15:58,-35.6167,174.5,62.22,59,34,19.06
431,Udachnyy,RU,2022-04-22 18:15:58,66.4167,112.4,2.8,99,92,4.5
432,Oktyabrskiy,RU,2022-04-22 18:15:58,54.4815,53.471,39.52,64,1,6.82
433,Bubaque,GW,2022-04-22 18:15:59,11.2833,-15.8333,77.0,77,67,21.65
434,West Bay,KY,2022-04-22 18:15:59,19.3667,-81.4167,86.07,73,40,14.97
435,Montbrison,FR,2022-04-22 18:16:00,45.6667,4.0833,64.74,78,71,5.1
436,Hun,LY,2022-04-22 18:16:00,29.1268,15.9477,80.96,19,30,14.36
437,Taltal,CL,2022-04-22 18:16:01,-25.4,-70.4833,67.98,72,15,7.76
438,Waingapu,ID,2022-04-22 18:16:01,-9.6567,120.2641,79.61,83,100,7.45
439,Florianopolis,BR,2022-04-22 18:16:02,-27.6146,-48.5012,78.35,69,0,8.05
440,Oranjemund,NA,2022-04-22 18:16:02,-28.55,16.4333,57.13,88,29,17.78
441,Lompoc,US,2022-04-22 18:13:53,34.6391,-120.4579,64.56,78,40,16.11
442,Maarianhamina,AX,2022-04-22 18:15:21,60.0973,19.9348,42.66,75,0,10.36
443,Neuquen,AR,2022-04-22 18:16:03,-38.9516,-68.0591,63.75,39,94,24.54
444,Bowen,AU,2022-04-22 18:16:04,-20.0167,148.2333,74.57,85,100,18.5
445,Yulara,AU,2022-04-22 18:16:04,-25.2406,130.9889,57.24,52,90,12.77
446,Ilhabela,BR,2022-04-22 18:16:04,-23.7781,-45.3581,79.7,62,8,5.61
447,Farafangana,MG,2022-04-22 18:16:05,-22.8167,47.8333,74.39,91,100,7.52
448,Coolum Beach,AU,2022-04-22 18:16:05,-26.5333,153.1,69.12,91,92,15.17
449,Peniche,PT,2022-04-22 18:16:06,39.3558,-9.3811,52.11,84,100,20.09
450,Honningsvag,NO,2022-04-22 18:16:06,70.9821,25.9704,37.15,75,75,19.57
451,Coruripe,BR,2022-04-22 18:11:20,-10.1256,-36.1756,84.13,64,58,9.35
452,Krasnyy Luch,UA,2022-04-22 18:16:07,48.1395,38.9371,46.11,80,76,5.48
453,Fairbanks,US,2022-04-22 18:16:07,64.8378,-147.7164,39.16,56,40,3.44
454,Benguela,AO,2022-04-22 18:16:08,-12.5763,13.4055,76.77,87,94,4.03
455,Marfino,RU,2022-04-22 18:16:08,55.7028,37.3822,48.45,70,75,4.47
456,Saint-Leu,RE,2022-04-22 18:17:09,-21.15,55.2833,76.06,78,54,4.47
457,Polson,US,2022-04-22 18:17:09,47.6936,-114.1632,48.22,85,96,1.86
458,Porto Novo,BJ,2022-04-22 18:17:10,6.4965,2.6036,82.15,76,92,10.31
459,Necochea,AR,2022-04-22 18:17:10,-38.5473,-58.7368,55.63,78,60,25.72
460,Mayo,US,2022-04-22 18:17:11,38.8876,-76.5119,76.66,31,0,11.5
461,Tommot,RU,2022-04-22 18:12:14,58.9564,126.2925,19.92,96,100,1.39
462,Muravlenko,RU,2022-04-22 18:17:11,63.7898,74.523,10.06,92,100,11.48
463,Colares,PT,2022-04-22 18:17:12,38.7992,-9.4469,54.34,75,75,25.99
464,Inhambane,MZ,2022-04-22 18:17:12,-23.865,35.3833,73.38,94,20,0.0
465,Yumen,CN,2022-04-22 18:17:13,40.2833,97.2,54.97,13,52,3.56
466,Jatiroto,ID,2022-04-22 18:17:14,-7.8833,111.1167,74.26,93,91,3.33
467,Cayenne,GF,2022-04-22 18:17:14,4.9333,-52.3333,78.84,1,75,0.0
468,Tomatlan,MX,2022-04-22 18:17:15,19.9333,-105.25,91.09,32,3,9.17
469,Sampit,ID,2022-04-22 18:17:15,-2.5333,112.95,74.43,95,85,0.6
470,Santa Cruz Del Sur,CU,2022-04-22 18:17:15,20.7147,-77.9956,82.58,64,21,12.64
471,Haines Junction,CA,2022-04-22 18:17:16,60.7522,-137.5108,40.95,42,44,1.14
472,Nome,US,2022-04-22 18:13:01,64.5011,-165.4064,35.67,60,0,11.5
473,San Rafael,AR,2022-04-22 18:12:38,-34.6177,-68.3301,66.72,40,59,11.48
474,Solnechnyy,RU,2022-04-22 18:17:17,50.7214,136.6319,27.05,94,100,6.71
475,Mumbwa,ZM,2022-04-22 18:17:17,-14.9783,27.0619,63.23,90,28,4.45
476,Orlik,RU,2022-04-22 18:17:18,52.5178,99.825,23.67,81,7,4.74
477,Chuy,UY,2022-04-22 18:17:19,-33.6971,-53.4616,55.44,90,100,4.83
478,Bemidji,US,2022-04-22 18:17:19,47.4736,-94.8803,39.06,97,100,18.41
479,Windhoek,NA,2022-04-22 18:17:20,-22.5594,17.0832,70.11,35,18,4.61
480,Yarada,IN,2022-04-22 18:17:20,17.65,83.2667,84.52,74,20,6.91
481,Chokwe,MZ,2022-04-22 18:17:21,-24.5333,32.9833,70.68,74,90,4.21
482,Charters Towers,AU,2022-04-22 18:17:21,-20.1,146.2667,66.6,95,100,10.45
483,Stornoway,GB,2022-04-22 18:17:22,58.2093,-6.3865,49.93,88,40,18.41
484,Tabas,IR,2022-04-22 18:17:22,33.5959,56.9244,86.22,17,82,2.3
485,Vera Cruz,BR,2022-04-22 18:17:22,-12.6333,-41.0333,81.97,47,84,4.81
486,Karnobat,BG,2022-04-22 18:17:23,42.65,26.9833,52.79,93,90,5.26
487,Juneau,US,2022-04-22 18:14:39,58.3019,-134.4197,46.98,63,75,19.57
488,Floro,NO,2022-04-22 18:17:24,61.5996,5.0328,59.07,58,0,9.22
489,Antofagasta,CL,2022-04-22 18:14:07,-23.65,-70.4,72.21,49,27,9.04
490,Shahr-E Kord,IR,2022-04-22 18:17:24,32.3256,50.8644,51.57,28,0,2.3
491,Jalu,LY,2022-04-22 18:17:25,29.0331,21.5482,85.24,8,40,10.38
492,San Carlos De Bariloche,AR,2022-04-22 18:13:20,-41.1456,-71.3082,51.55,66,75,23.02
493,Colorado Springs,US,2022-04-22 18:17:25,38.8339,-104.8214,80.33,14,0,28.77
494,Tete,MZ,2022-04-22 18:17:26,-16.1564,33.5867,75.29,88,40,3.44
495,Aswan,EG,2022-04-22 18:17:26,24.0934,32.907,86.11,8,35,10.16
496,Tahe,CN,2022-04-22 18:17:27,52.3333,124.7333,26.15,67,20,3.27
497,Manokwari,ID,2022-04-22 18:17:27,-0.8667,134.0833,77.97,85,91,3.18
498,San Quintin,MX,2022-04-22 18:17:28,30.4833,-115.95,63.93,66,9,17.65
499,Patacamaya,BO,2022-04-22 18:17:29,-17.2333,-67.9167,62.83,22,75,9.42
500,Minas,UY,2022-04-22 18:17:29,-34.3759,-55.2377,52.81,97,100,8.32
501,Emerald,AU,2022-04-22 18:17:55,-23.5333,148.1667,63.34,89,100,9.62
502,Soria,ES,2022-04-22 18:18:30,41.6667,-2.6667,43.11,100,100,14.43
503,Collierville,US,2022-04-22 18:18:30,35.042,-89.6645,83.64,54,75,10.36
504,Banjar,ID,2022-04-22 18:18:31,-8.19,114.9675,78.08,91,99,2.93
505,Hovd,MN,2022-04-22 18:18:31,48.0056,91.6419,47.08,40,7,10.18
506,Kishi,NG,2022-04-22 18:18:32,9.0833,3.85,83.55,60,90,6.58
507,Kulhudhuffushi,MV,2022-04-22 18:18:32,6.6221,73.07,84.42,70,98,1.01
508,Videira,BR,2022-04-22 18:18:33,-27.0083,-51.1517,66.22,92,100,6.2
509,Kutahya,TR,2022-04-22 18:18:33,39.4242,29.9833,59.9,45,6,6.49
510,Chipinge,ZW,2022-04-22 18:18:34,-20.1883,32.6236,60.21,97,81,3.51
511,Dunedin,NZ,2022-04-22 18:15:09,-45.8742,170.5036,50.81,66,74,1.99
512,Nuuk,GL,2022-04-22 18:18:34,64.1835,-51.7216,34.41,93,75,3.44
513,Pacific Grove,US,2022-04-22 18:18:35,36.6177,-121.9166,58.01,79,75,8.05
514,Port Washington,US,2022-04-22 18:18:36,40.8257,-73.6982,70.0,24,40,19.57
515,Svetlyy,RU,2022-04-22 18:18:36,54.675,20.1347,48.25,76,31,10.92
516,Bonthe,SL,2022-04-22 18:18:36,7.5264,-12.505,83.89,69,100,7.94
517,Hit,IQ,2022-04-22 18:17:10,33.6416,42.8251,77.02,14,32,8.93
518,Kon Tum,VN,2022-04-22 18:18:37,14.35,108.0,70.14,85,42,1.52
519,Walvis Bay,NA,2022-04-22 18:18:38,-22.9575,14.5053,61.75,82,20,5.75
520,Hidalgo,MX,2022-04-22 18:18:38,20.5,-99.0,70.9,48,33,5.39
521,Talakan,RU,2022-04-22 18:18:39,50.3167,130.3667,33.6,47,9,2.1
522,Pahalgam,IN,2022-04-22 18:18:39,34.0333,75.3333,40.17,89,81,5.84
523,Acapulco,MX,2022-04-22 18:18:40,16.8634,-99.8901,85.82,70,40,8.05
524,Chibuto,MZ,2022-04-22 18:18:40,-24.6867,33.5306,68.38,88,91,4.72
525,Beyneu,KZ,2022-04-22 18:14:02,45.3167,55.2,65.21,56,35,17.11
526,Bilma,NE,2022-04-22 18:18:41,18.6853,12.9164,94.08,10,6,4.83
527,Arlit,NE,2022-04-22 18:18:42,18.7369,7.3853,94.82,8,14,8.95
528,Alofi,NU,2022-04-22 18:15:18,-19.0595,-169.9187,71.49,94,36,1.14
529,Nantucket,US,2022-04-22 18:18:42,41.2835,-70.0995,68.14,55,0,16.11
530,Gornopravdinsk,RU,2022-04-22 18:18:43,60.05,69.9,12.27,95,86,4.63
531,Alyangula,AU,2022-04-22 18:18:43,-13.8483,136.4192,80.51,79,25,8.84
532,Padang,ID,2022-04-22 18:17:01,-0.9492,100.3543,79.7,84,97,3.04
533,Seropedica,BR,2022-04-22 18:18:44,-22.7439,-43.7075,89.42,49,1,1.12
534,North Bend,US,2022-04-22 18:18:44,43.4065,-124.2243,58.24,83,0,8.05
535,Rio Grande,BR,2022-04-22 18:18:45,-32.035,-52.0986,77.11,60,96,8.21
536,Pecos,US,2022-04-22 18:18:45,31.4229,-103.4932,91.49,29,0,8.05
537,Morondava,MG,2022-04-22 18:18:46,-20.2833,44.2833,80.2,81,100,6.73
538,Alihe,CN,2022-04-22 18:18:46,50.5667,123.7167,32.16,61,27,1.99
539,Mahibadhoo,MV,2022-04-22 18:18:47,3.7833,72.9667,83.43,74,100,10.29
540,Basco,PH,2022-04-22 18:18:47,20.4487,121.9702,81.1,80,4,20.47
541,Cleveland,US,2022-04-22 18:17:03,41.4995,-81.6954,65.43,48,75,9.22
542,Gat,IL,2022-04-22 18:17:02,31.61,34.7642,75.4,100,97,4.83
543,Veseloyarsk,RU,2022-04-22 18:18:48,51.2836,81.1056,33.17,55,2,4.88
544,Tual,ID,2022-04-22 18:18:49,-5.6667,132.75,83.73,73,44,7.29
545,Malumfashi,NG,2022-04-22 18:18:49,11.7853,7.6218,95.59,24,91,5.73
546,Odweyne,SO,2022-04-22 18:18:49,9.4092,45.064,81.07,41,72,8.93
547,Puerto Escondido,MX,2022-04-22 18:19:50,15.85,-97.0667,86.58,61,7,9.04
548,Eregli,TR,2022-04-22 18:19:51,37.5133,34.0467,61.99,35,0,3.56
549,Verkhnyaya Inta,RU,2022-04-22 18:19:51,65.9811,60.3094,4.8,96,44,5.53
550,Puerto Del Rosario,ES,2022-04-22 18:19:51,28.5004,-13.8627,69.55,52,20,14.97
551,Houma,US,2022-04-22 18:18:08,29.5958,-90.7195,82.99,64,75,14.97
552,Thinadhoo,MV,2022-04-22 18:19:52,0.5333,72.9333,85.39,70,100,12.26
553,Lerwick,GB,2022-04-22 18:19:52,60.1545,-1.1494,46.4,87,31,20.18
554,Brasileia,BR,2022-04-22 18:19:53,-11.0161,-68.7481,90.05,62,75,9.22
555,Markova,UA,2022-04-22 18:19:53,48.6758,24.4138,45.05,98,100,2.28
556,Sechura,PE,2022-04-22 18:19:54,-5.5569,-80.8222,79.21,59,34,10.27
557,Los Llanos De Aridane,ES,2022-04-22 18:19:54,28.6585,-17.9182,64.15,71,75,8.99
558,Sterling,US,2022-04-22 18:16:32,39.0062,-77.4286,74.89,38,75,13.0
559,Beidao,CN,2022-04-22 18:19:55,34.5686,105.8933,54.07,50,26,3.69
560,Mushie,CD,2022-04-22 18:19:55,-3.0167,16.9,76.26,87,95,2.95
561,Tongliao,CN,2022-04-22 18:19:56,43.6125,122.2653,50.54,31,2,15.9
